{
    "dataset-02": {
        "KMeans": {
            "silhouette_score": 0.3068599193274176,
            "davies_bouldin_score": 1.3234715790226015,
            "calinski_harabasz_score": 3573.397151201895
        },
        "DBSCAN": {
            "silhouette_score": 0.10869218603574071,
            "davies_bouldin_score": 0.6213206491022626,
            "calinski_harabasz_score": 20.05480429496628,
            "noise_ratio": 0.07475
        }
    },
    "dataset-03": {
        "KMeans": {
            "silhouette_score": 0.31554470037825183,
            "davies_bouldin_score": 1.1577256320598661,
            "calinski_harabasz_score": 6957.162639510166
        },
        "DBSCAN": {
            "silhouette_score": 0.14204251708734708,
            "davies_bouldin_score": 1.3950553664183072,
            "calinski_harabasz_score": 1641.8933585397035,
            "noise_ratio": 0.029333333333333333
        }
    },
    "dataset-04": {
        "KMeans": {
            "silhouette_score": 0.4548642894346598,
            "davies_bouldin_score": 0.9523106734585932,
            "calinski_harabasz_score": 5323.500116564786
        },
        "DBSCAN": {
            "silhouette_score": 0.4548642894346598,
            "davies_bouldin_score": 0.9523106734585932,
            "calinski_harabasz_score": 5323.500116564788,
            "noise_ratio": 0.0
        }
    }
}